idle_energy_total,active_energy_total,total_energy_difference,average_exec_time
55913.46799999972,59228.11773760009,3314.6497376003754,5.309480571428571
