idle_energy_total,active_energy_total,total_energy_difference,average_exec_time
18125.390576858426,19107.142285791473,981.7517089330468,6.8282105714285715
