idle_energy_total,active_energy_total,total_energy_difference,average_exec_time
18009.76832561112,18798.438614619055,788.6702890079359,9.041154571428573
