idle_energy_total,active_energy_total,total_energy_difference,average_exec_time
18709.288028891468,20217.548919544635,1508.2608906531677,8.430256428571429
