idle_energy_total,active_energy_total,total_energy_difference,average_exec_time
55319.14399999874,55594.640000003965,275.4960000052233,0.03218085714285714
