idle_energy_total,active_energy_total,total_energy_difference,average_exec_time
55399.33199999936,56941.430681399084,1542.0986813997224,6.186565714285715
