idle_energy_total,active_energy_total,total_energy_difference,average_exec_time
55752.72400000003,60072.1287304,4319.404730399969,5.0754595714285715
