idle_energy_total,active_energy_total,total_energy_difference,average_exec_time
20986.981222054354,22177.53262325059,1190.5514011962368,8.767418000000001
