idle_energy_total,active_energy_total,total_energy_difference,average_exec_time
54993.891999999265,56879.76967210036,1885.8776721010945,6.606088999999999
