idle_energy_total,active_energy_total,total_energy_difference,average_exec_time
47583.820084000305,49789.27892725062,2205.458843250315,6.591414714285714
