idle_energy_total,active_energy_total,total_energy_difference,average_exec_time
20962.739677318936,22142.344532558218,1179.6048552392822,8.213882428571427
