idle_energy_total,active_energy_total,total_energy_difference,average_exec_time
20131.935682696905,21005.16125552265,873.2255728257442,6.319306285714285
