idle_energy_total,active_energy_total,total_energy_difference,average_exec_time
19798.710925231182,21233.371166289566,1434.6602410583837,7.895948285714286
