idle_energy_total,active_energy_total,total_energy_difference,average_exec_time
55820.67600000039,58226.08529444934,2405.4092944489457,6.56797542857143
