idle_energy_total,active_energy_total,total_energy_difference,average_exec_time
21331.71419046562,21536.133613360813,204.41942289519284,1.6256541428571427
