idle_energy_total,active_energy_total,total_energy_difference,average_exec_time
19432.172600144695,20941.649943530694,1509.4773433859991,7.986036142857143
