idle_energy_total,active_energy_total,total_energy_difference,average_exec_time
55002.776000000726,57158.63345049948,2155.8574504987555,6.229297857142858
