idle_energy_total,active_energy_total,total_energy_difference,average_exec_time
54327.17599999983,53960.655999999086,-366.5200000007462,0.937035142857143
