idle_energy_total,active_energy_total,total_energy_difference,average_exec_time
55061.756000001886,56720.656000000294,1658.899999998408,6.197969428571429
