idle_energy_total,active_energy_total,total_energy_difference,average_exec_time
20251.594857949513,21286.10651016505,1034.5116522155367,7.907057285714286
