idle_energy_total,active_energy_total,total_energy_difference,average_exec_time
54245.615999999514,57849.80958519947,3604.1935851999588,5.855204571428572
