idle_energy_total,active_energy_total,total_energy_difference,average_exec_time
20429.95499749958,20589.851104493515,159.89610699393597,1.2841082857142856
