idle_energy_total,active_energy_total,total_energy_difference,average_exec_time
55130.45600000017,59245.92377160166,4115.467771601485,5.215066571428571
