idle_energy_total,active_energy_total,total_energy_difference,average_exec_time
54637.12399999971,56674.78100000063,2037.657000000916,6.622472142857143
