idle_energy_total,active_energy_total,total_energy_difference,average_exec_time
54553.51599999963,58104.421333400016,3550.905333400384,5.361647142857143
