idle_energy_total,active_energy_total,total_energy_difference,average_exec_time
53948.38400000121,54444.811999998776,496.42799999756244,0.033057857142857146
