idle_energy_total,active_energy_total,total_energy_difference,average_exec_time
21187.15891438381,22156.01076642275,968.8518520389407,6.607604142857142
