idle_energy_total,active_energy_total,total_energy_difference,average_exec_time
54894.69199999969,57200.288928000184,2305.596928000494,6.764325428571429
