idle_energy_total,active_energy_total,total_energy_difference,average_exec_time
18731.806172338183,20218.733364271015,1486.9271919328312,7.747110142857141
