idle_energy_total,active_energy_total,total_energy_difference,average_exec_time
54645.26000000015,54488.49999999908,-156.76000000106433,0.9078951428571429
