idle_energy_total,active_energy_total,total_energy_difference,average_exec_time
20791.69607538068,20699.49597759935,-92.20009778133317,0.032395571428571426
