idle_energy_total,active_energy_total,total_energy_difference,average_exec_time
55498.647999999586,55162.372000000985,-336.27599999860104,0.8909258571428572
