idle_energy_total,active_energy_total,total_energy_difference,average_exec_time
53691.52799999739,53944.352000001185,252.8240000037913,0.03314171428571428
