idle_energy_total,active_energy_total,total_energy_difference,average_exec_time
19938.065443081116,21087.7100113996,1149.644568318483,7.352210142857143
