idle_energy_total,active_energy_total,total_energy_difference,average_exec_time
20569.332391988664,21642.968169653726,1073.635777665062,7.720223714285715
