idle_energy_total,active_energy_total,total_energy_difference,average_exec_time
53422.87200000008,59245.88428880046,5823.012288800375,5.162094857142857
