idle_energy_total,active_energy_total,total_energy_difference,average_exec_time
55099.5199999998,59395.557769999905,4296.0377700001045,5.215930857142857
