idle_energy_total,active_energy_total,total_energy_difference,average_exec_time
54474.215999999935,58723.13861149987,4248.922611499933,5.176563857142857
