idle_energy_total,active_energy_total,total_energy_difference,average_exec_time
19690.75997650029,21032.802043235017,1342.042066734728,7.682067142857143
