idle_energy_total,active_energy_total,total_energy_difference,average_exec_time
54306.47199999837,58250.344790800074,3943.8727908017026,5.362397857142858
