idle_energy_total,active_energy_total,total_energy_difference,average_exec_time
54510.51600000111,57547.611347900616,3037.095347899507,6.547061571428571
