idle_energy_total,active_energy_total,total_energy_difference,average_exec_time
67834.46000000004,58381.518334399516,-9452.94166560052,6.163012571428571
