idle_energy_total,active_energy_total,total_energy_difference,average_exec_time
54391.49600000041,57173.34104499978,2781.845044999376,6.237371714285714
