idle_energy_total,active_energy_total,total_energy_difference,average_exec_time
55289.887999999635,55238.48399999811,-51.404000001522945,0.02992971428571428
