idle_energy_total,active_energy_total,total_energy_difference,average_exec_time
53884.17600000019,58910.74792220016,5026.571922199968,5.1218267142857155
