idle_energy_total,active_energy_total,total_energy_difference,average_exec_time
54453.47600000133,59096.72465200265,4643.248652001326,5.144558142857144
