idle_energy_total,active_energy_total,total_energy_difference,average_exec_time
19979.751776026398,21298.340250943427,1318.588474917029,8.26981842857143
