idle_energy_total,active_energy_total,total_energy_difference,average_exec_time
53855.30400000088,58219.17278299976,4363.868782998885,5.194421571428571
