idle_energy_total,active_energy_total,total_energy_difference,average_exec_time
54904.704000000296,58822.06391479956,3917.3599147992645,5.1770511428571435
