idle_energy_total,active_energy_total,total_energy_difference,average_exec_time
19553.68169919008,20902.203848736724,1348.522149546643,12.073430714285715
