idle_energy_total,active_energy_total,total_energy_difference,average_exec_time
17954.469571118712,19143.681541265738,1189.2119701470256,6.856630285714287
