idle_energy_total,active_energy_total,total_energy_difference,average_exec_time
54438.98400000015,56323.32800000009,1884.3439999999391,6.197869714285715
