idle_energy_total,active_energy_total,total_energy_difference,average_exec_time
21668.052756141777,22471.225625523643,803.1728693818659,9.818858714285714
