idle_energy_total,active_energy_total,total_energy_difference,average_exec_time
20064.30881029305,21000.84387079643,936.5350605033818,6.241910571428571
