idle_energy_total,active_energy_total,total_energy_difference,average_exec_time
47494.85046565112,47489.71999999949,-5.130465651629493,6.0481682857142856
