idle_energy_total,active_energy_total,total_energy_difference,average_exec_time
20540.592686423148,20495.450908929663,-45.14177749348528,0.3236657142857143
