idle_energy_total,active_energy_total,total_energy_difference,average_exec_time
54191.00399999916,54690.908000000236,499.9040000010791,0.7805988571428569
