idle_energy_total,active_energy_total,total_energy_difference,average_exec_time
55128.48399999963,55595.543999999834,467.0600000002014,0.03494414285714286
