idle_energy_total,active_energy_total,total_energy_difference,average_exec_time
54196.64799999927,55664.58398620086,1467.9359862015845,6.271579142857143
