idle_energy_total,active_energy_total,total_energy_difference,average_exec_time
20845.69085636183,21713.570904729055,867.8800483672239,6.921817714285714
