idle_energy_total,active_energy_total,total_energy_difference,average_exec_time
56831.14800000028,58687.37581540033,1856.2278154000524,5.145001857142857
