idle_energy_total,active_energy_total,total_energy_difference,average_exec_time
56102.779999999846,59763.385809600244,3660.605809600398,5.189623714285714
