idle_energy_total,active_energy_total,total_energy_difference,average_exec_time
20976.436286057222,22218.98463282101,1242.5483467637896,7.868579428571429
