idle_energy_total,active_energy_total,total_energy_difference,average_exec_time
20843.08349589983,21875.70775965856,1032.6242637587275,7.1839255714285715
