idle_energy_total,active_energy_total,total_energy_difference,average_exec_time
21374.260475349263,21303.486821636696,-70.77365371256747,0.17921085714285714
