idle_energy_total,active_energy_total,total_energy_difference,average_exec_time
53384.671999999584,56717.78474599989,3333.1127460003045,6.292370285714285
