idle_energy_total,active_energy_total,total_energy_difference,average_exec_time
21633.84437604863,24176.55529138429,2542.7109153356614,7.9181871428571435
