idle_energy_total,active_energy_total,total_energy_difference,average_exec_time
21545.23078290632,22341.072468277045,795.841685370724,6.421623857142857
