idle_energy_total,active_energy_total,total_energy_difference,average_exec_time
54006.14799999957,54230.76399999832,224.61599999875034,0.03288442857142858
