idle_energy_total,active_energy_total,total_energy_difference,average_exec_time
54643.85600000007,56690.57885570015,2046.722855700078,6.263515714285714
