idle_energy_total,active_energy_total,total_energy_difference,average_exec_time
20758.402740391706,20842.604822997575,84.20208260586878,1.2827367142857142
