idle_energy_total,active_energy_total,total_energy_difference,average_exec_time
55126.34800000006,59481.39494420011,4355.046944200047,5.189882571428571
