idle_energy_total,active_energy_total,total_energy_difference,average_exec_time
53461.27999999947,56760.63639700108,3299.356397001611,6.237817285714286
