idle_energy_total,active_energy_total,total_energy_difference,average_exec_time
18703.51273335762,20084.556337551883,1381.043604194263,10.360801142857143
