idle_energy_total,active_energy_total,total_energy_difference,average_exec_time
53915.900000000074,54585.91199999774,670.0119999976669,0.035109999999999995
