idle_energy_total,active_energy_total,total_energy_difference,average_exec_time
18471.2933157182,19180.30032423551,709.0070085173102,9.089058428571429
