idle_energy_total,active_energy_total,total_energy_difference,average_exec_time
21297.700487815982,21310.047113204968,12.346625388985558,0.46674728571428575
