idle_energy_total,active_energy_total,total_energy_difference,average_exec_time
18040.617258307873,19446.377827926073,1405.7605696182,7.460546714285715
