idle_energy_total,active_energy_total,total_energy_difference,average_exec_time
20682.933431114256,21712.58775292528,1029.6543218110237,6.529400285714286
