idle_energy_total,active_energy_total,total_energy_difference,average_exec_time
20167.002092490224,20221.355905996705,54.35381350648095,0.46811157142857146
