idle_energy_total,active_energy_total,total_energy_difference,average_exec_time
55162.59200000021,58398.08002400059,3235.488024000384,5.1696860000000004
