idle_energy_total,active_energy_total,total_energy_difference,average_exec_time
55299.424000000094,56613.829260432554,1314.4052604324606,6.371152142857143
