idle_energy_total,active_energy_total,total_energy_difference,average_exec_time
45790.802410080854,46254.932000000066,464.12958991921187,6.053805285714286
