idle_energy_total,active_energy_total,total_energy_difference,average_exec_time
55809.3896143199,56119.65599999971,310.2663856798099,0.034885571428571426
