idle_energy_total,active_energy_total,total_energy_difference,average_exec_time
55062.50800000178,55409.48399999962,346.9759999978414,0.9387728571428572
