idle_energy_total,active_energy_total,total_energy_difference,average_exec_time
18237.68143828701,19257.13445767488,1019.4530193878709,6.497908142857142
