idle_energy_total,active_energy_total,total_energy_difference,average_exec_time
21867.582865714678,22932.16320725365,1064.580341538971,7.675114285714286
