idle_energy_total,active_energy_total,total_energy_difference,average_exec_time
54955.768000000695,56383.57999999933,1427.8119999986375,6.695140142857142
