idle_energy_total,active_energy_total,total_energy_difference,average_exec_time
53711.01600000008,58179.88847200003,4468.8724719999445,5.085321142857142
