idle_energy_total,active_energy_total,total_energy_difference,average_exec_time
54766.57999999973,60786.77999999949,6020.199999999757,6.196863142857143
