idle_energy_total,active_energy_total,total_energy_difference,average_exec_time
54476.26799999937,58788.64617630038,4312.378176301012,5.388360428571429
