idle_energy_total,active_energy_total,total_energy_difference,average_exec_time
54249.97999999849,57470.470725799874,3220.4907258013845,5.6035447142857135
