idle_energy_total,active_energy_total,total_energy_difference,average_exec_time
18853.79207951367,20439.860589580836,1586.0685100671653,8.011833571428571
