idle_energy_total,active_energy_total,total_energy_difference,average_exec_time
54816.86399999924,56208.06308709973,1391.1990871004891,6.565124142857143
