idle_energy_total,active_energy_total,total_energy_difference,average_exec_time
19638.395923697168,21132.189966719925,1493.7940430227573,9.310020714285715
