idle_energy_total,active_energy_total,total_energy_difference,average_exec_time
20522.200073335578,20552.34943775282,30.149364417240577,0.03598171428571429
