idle_energy_total,active_energy_total,total_energy_difference,average_exec_time
54590.88800000077,54840.595999999154,249.70799999838346,0.1747797142857143
