idle_energy_total,active_energy_total,total_energy_difference,average_exec_time
54880.31999999998,56308.45047119994,1428.130471199962,6.638929285714285
