idle_energy_total,active_energy_total,total_energy_difference,average_exec_time
55226.89599999722,54937.56400000018,-289.33199999704084,0.9618899999999998
