idle_energy_total,active_energy_total,total_energy_difference,average_exec_time
54317.6600000001,58323.37390699977,4005.71390699967,5.298735714285714
