idle_energy_total,active_energy_total,total_energy_difference,average_exec_time
20645.578577670032,21773.09777150069,1127.5191938306561,7.739744142857143
