idle_energy_total,active_energy_total,total_energy_difference,average_exec_time
21316.80256008534,22183.2877201908,866.4851601054615,7.493153142857143
