idle_energy_total,active_energy_total,total_energy_difference,average_exec_time
55369.92400000087,55636.37999999962,266.45599999874685,0.788831142857143
