idle_energy_total,active_energy_total,total_energy_difference,average_exec_time
55298.008000000365,55273.735999998906,-24.272000001459674,0.031141000000000002
