idle_energy_total,active_energy_total,total_energy_difference,average_exec_time
20977.80943385757,21413.824657658704,436.015223801136,6.316761285714285
