idle_energy_total,active_energy_total,total_energy_difference,average_exec_time
55121.16400000079,55572.69719359935,451.5331935985596,6.330324571428571
