idle_energy_total,active_energy_total,total_energy_difference,average_exec_time
55789.80400000006,59465.45296850009,3675.648968500027,6.4032798571428575
