idle_energy_total,active_energy_total,total_energy_difference,average_exec_time
20738.434653287026,20650.695494194108,-87.73915909291827,0.6106058571428571
