idle_energy_total,active_energy_total,total_energy_difference,average_exec_time
54539.26799999965,56917.848000000195,2378.5800000005474,6.407245999999999
