idle_energy_total,active_energy_total,total_energy_difference,average_exec_time
54388.78400000019,56790.080817899776,2401.296817899587,6.195917714285715
