idle_energy_total,active_energy_total,total_energy_difference,average_exec_time
54940.47599999762,54894.50799999707,-45.96800000055373,0.03358914285714286
