idle_energy_total,active_energy_total,total_energy_difference,average_exec_time
20445.426142245014,20489.308120058016,43.88197781300187,0.036357428571428575
