idle_energy_total,active_energy_total,total_energy_difference,average_exec_time
20949.467087426077,21952.434226943362,1002.9671395172845,10.850486000000002
