idle_energy_total,active_energy_total,total_energy_difference,average_exec_time
20483.286175740337,20438.213666939908,-45.072508800429205,1.5572918571428571
