idle_energy_total,active_energy_total,total_energy_difference,average_exec_time
20514.5276959827,20388.178141250413,-126.34955473228547,0.9197262857142856
