idle_energy_total,active_energy_total,total_energy_difference,average_exec_time
55034.152000001384,54668.840000003074,-365.31199999831006,0.033432
