idle_energy_total,active_energy_total,total_energy_difference,average_exec_time
20469.30174674428,20475.597533196098,6.295786451817548,0.036263428571428565
