idle_energy_total,active_energy_total,total_energy_difference,average_exec_time
53629.147999998735,58448.145424500275,4818.99742450154,5.168851571428571
