idle_energy_total,active_energy_total,total_energy_difference,average_exec_time
20498.196949457124,20542.705009110778,44.50805965365362,0.18623485714285712
