idle_energy_total,active_energy_total,total_energy_difference,average_exec_time
20704.062225679234,22049.100186242325,1345.0379605630915,8.066565428571428
