idle_energy_total,active_energy_total,total_energy_difference,average_exec_time
54595.176000000094,55224.897454299185,629.7214542990914,0.7864747142857142
