idle_energy_total,active_energy_total,total_energy_difference,average_exec_time
54048.98000000001,55860.70166500001,1811.7216649999973,6.628341857142858
