idle_energy_total,active_energy_total,total_energy_difference,average_exec_time
53249.81199999998,58318.70113499187,5068.889134991885,5.261363142857142
