idle_energy_total,active_energy_total,total_energy_difference,average_exec_time
54660.68800000063,55053.335999998664,392.64799999803654,0.03256171428571429
