idle_energy_total,active_energy_total,total_energy_difference,average_exec_time
53740.19999999936,56819.83014350014,3079.6301435007845,6.614905428571428
