idle_energy_total,active_energy_total,total_energy_difference,average_exec_time
21252.506882395,21480.046240721873,227.5393583268742,1.1629058571428572
