idle_energy_total,active_energy_total,total_energy_difference,average_exec_time
54819.292000000016,57226.77325859994,2407.4812585999243,6.573174285714286
