idle_energy_total,active_energy_total,total_energy_difference,average_exec_time
20706.802226740365,21682.870298956823,976.068072216458,6.364727285714286
