idle_energy_total,active_energy_total,total_energy_difference,average_exec_time
19865.743652425608,21386.609008355852,1520.8653559302438,9.630330857142857
