idle_energy_total,active_energy_total,total_energy_difference,average_exec_time
20350.699018700467,21717.708671999324,1367.0096532988573,8.074672000000001
