idle_energy_total,active_energy_total,total_energy_difference,average_exec_time
20694.05573580956,20616.72425085496,-77.33148495460046,0.32675228571428566
