idle_energy_total,active_energy_total,total_energy_difference,average_exec_time
54718.79999999981,54153.36399999869,-565.4360000011147,0.17686042857142859
