idle_energy_total,active_energy_total,total_energy_difference,average_exec_time
54424.84800000045,56101.494378800446,1676.6463787999965,6.258468571428572
