idle_energy_total,active_energy_total,total_energy_difference,average_exec_time
20426.955864704894,20522.832716398563,95.87685169366887,0.9490517142857142
