idle_energy_total,active_energy_total,total_energy_difference,average_exec_time
54197.35999999948,56315.791255198405,2118.431255198928,6.363718714285715
