idle_energy_total,active_energy_total,total_energy_difference,average_exec_time
54964.756000000176,59187.919284799966,4223.16328479979,5.751137428571428
