idle_energy_total,active_energy_total,total_energy_difference,average_exec_time
54392.28800000057,58867.472535299195,4475.184535298627,5.234711857142857
