idle_energy_total,active_energy_total,total_energy_difference,average_exec_time
20597.3049187506,21413.36649973855,816.0615809879491,9.980694857142856
