idle_energy_total,active_energy_total,total_energy_difference,average_exec_time
20254.710424689678,21181.549929370696,926.8395046810183,6.406149285714285
