idle_energy_total,active_energy_total,total_energy_difference,average_exec_time
55964.68000000001,57239.71740579999,1275.0374057999798,6.570250714285714
