idle_energy_total,active_energy_total,total_energy_difference,average_exec_time
53134.639999999556,52973.647999999346,-160.99200000020937,0.9376328571428569
