idle_energy_total,active_energy_total,total_energy_difference,average_exec_time
55310.392000000415,57136.05270020012,1825.6607001997036,6.193748571428571
