idle_energy_total,active_energy_total,total_energy_difference,average_exec_time
55452.07200000053,55790.87199999877,338.79999999824213,0.03042542857142857
