idle_energy_total,active_energy_total,total_energy_difference,average_exec_time
55029.155999999064,58202.5802286003,3173.4242286012377,5.2195604285714285
