idle_energy_total,active_energy_total,total_energy_difference,average_exec_time
53823.85199999854,58662.340313199136,4838.4883132006,5.254529571428571
