idle_energy_total,active_energy_total,total_energy_difference,average_exec_time
21503.144771492545,21461.305105382162,-41.839666110383405,0.031690571428571436
