idle_energy_total,active_energy_total,total_energy_difference,average_exec_time
56355.339999996744,56854.02800000053,498.6880000037854,0.036563571428571424
