idle_energy_total,active_energy_total,total_energy_difference,average_exec_time
54755.71600000019,56840.19852000028,2084.4825200000923,6.182665142857142
