idle_energy_total,active_energy_total,total_energy_difference,average_exec_time
20683.48940789808,20651.3094881436,-32.17991975447876,0.9544327142857144
