idle_energy_total,active_energy_total,total_energy_difference,average_exec_time
20715.21267611881,20616.797377631894,-98.41529848691425,1.1061375714285715
