idle_energy_total,active_energy_total,total_energy_difference,average_exec_time
21159.876438952862,21914.30599880652,754.4295598536592,8.403134285714286
