idle_energy_total,active_energy_total,total_energy_difference,average_exec_time
54765.832000000875,54330.072000000444,-435.7600000004313,0.7669931428571429
