idle_energy_total,active_energy_total,total_energy_difference,average_exec_time
56326.79999999999,56067.891999999985,-258.9080000000031,6.047852571428572
