idle_energy_total,active_energy_total,total_energy_difference,average_exec_time
55591.36000000065,55777.21999999906,185.85999999841442,0.9523738571428574
