idle_energy_total,active_energy_total,total_energy_difference,average_exec_time
55233.40399999992,59811.10918700009,4577.705187000167,5.245496571428572
