idle_energy_total,active_energy_total,total_energy_difference,average_exec_time
54726.23199999991,55890.74000000015,1164.5080000002417,6.674289428571429
