idle_energy_total,active_energy_total,total_energy_difference,average_exec_time
55876.887999999824,58635.239852300256,2758.3518523004313,5.092384285714287
