idle_energy_total,active_energy_total,total_energy_difference,average_exec_time
21175.451785457106,22248.41086426209,1072.9590788049827,10.412339285714284
