idle_energy_total,active_energy_total,total_energy_difference,average_exec_time
53960.51999999882,58620.92798820012,4660.407988201303,5.155029999999999
