idle_energy_total,active_energy_total,total_energy_difference,average_exec_time
20536.855017244998,20542.442418667822,5.587401422824769,0.17531342857142856
