idle_energy_total,active_energy_total,total_energy_difference,average_exec_time
55132.10000000013,56706.09030160096,1573.990301600832,6.396848142857143
