idle_energy_total,active_energy_total,total_energy_difference,average_exec_time
55078.508000000125,60267.08014440014,5188.5721444000155,5.2029239999999985
