idle_energy_total,active_energy_total,total_energy_difference,average_exec_time
21240.7953726792,21310.431912884054,69.6365402048541,0.036990857142857145
