idle_energy_total,active_energy_total,total_energy_difference,average_exec_time
18003.23420045213,18763.788519786864,760.554319334733,6.338027428571429
