idle_energy_total,active_energy_total,total_energy_difference,average_exec_time
55705.23199999943,59919.77062100003,4214.538621000604,5.189980285714285
