idle_energy_total,active_energy_total,total_energy_difference,average_exec_time
20071.33582597042,21410.569887163416,1339.2340611929976,8.091769857142857
