idle_energy_total,active_energy_total,total_energy_difference,average_exec_time
55308.819999999905,55761.42800000029,452.6080000003858,0.03557814285714286
