idle_energy_total,active_energy_total,total_energy_difference,average_exec_time
19639.36949225009,21280.540608160627,1641.1711159105362,7.483642285714287
