idle_energy_total,active_energy_total,total_energy_difference,average_exec_time
21206.550973043275,22180.22974168999,973.6787686467142,7.417611142857142
