idle_energy_total,active_energy_total,total_energy_difference,average_exec_time
21571.57473665495,22833.099402208954,1261.5246655540031,10.402774571428571
