idle_energy_total,active_energy_total,total_energy_difference,average_exec_time
55616.55999999914,56790.046916000196,1173.4869160010567,6.184244714285714
