idle_energy_total,active_energy_total,total_energy_difference,average_exec_time
55208.23199999891,56825.10709959999,1616.8750996010785,6.183596142857143
