idle_energy_total,active_energy_total,total_energy_difference,average_exec_time
53961.107999999316,57423.786923001186,3462.6789230018694,5.146084285714285
