idle_energy_total,active_energy_total,total_energy_difference,average_exec_time
20782.346581209953,21807.25576409971,1024.909182889758,8.832489714285714
