idle_energy_total,active_energy_total,total_energy_difference,average_exec_time
53641.988000002326,53758.76799999912,116.77999999679741,0.028985571428571433
