idle_energy_total,active_energy_total,total_energy_difference,average_exec_time
53316.44400000005,58061.396469200365,4744.952469200318,5.251759857142857
