idle_energy_total,active_energy_total,total_energy_difference,average_exec_time
54931.275999997866,55048.2902217337,117.01422173583705,0.767596142857143
