idle_energy_total,active_energy_total,total_energy_difference,average_exec_time
54657.90399999858,55218.536000002125,560.6320000035412,0.1825292857142857
