idle_energy_total,active_energy_total,total_energy_difference,average_exec_time
21595.819907108973,22443.629494644156,847.8095875351828,8.735824142857142
