idle_energy_total,active_energy_total,total_energy_difference,average_exec_time
54471.78399999977,56530.21918499995,2058.435185000184,9.570621857142857
