idle_energy_total,active_energy_total,total_energy_difference,average_exec_time
20539.467935992798,20646.62422080846,107.15628481566091,0.1853682857142857
