idle_energy_total,active_energy_total,total_energy_difference,average_exec_time
54673.52800000098,57958.902198800846,3285.3741987998656,6.637835428571429
