idle_energy_total,active_energy_total,total_energy_difference,average_exec_time
53102.73999999989,57559.264110200296,4456.524110200407,5.440992285714286
