idle_energy_total,active_energy_total,total_energy_difference,average_exec_time
20124.037023845336,21206.640681633573,1082.603657788237,9.323324571428572
