idle_energy_total,active_energy_total,total_energy_difference,average_exec_time
21199.53865128835,22194.819701273376,995.2810499850275,7.573673285714286
