idle_energy_total,active_energy_total,total_energy_difference,average_exec_time
20259.003826340457,20467.99879987022,208.99497352976323,1.2918634285714286
