idle_energy_total,active_energy_total,total_energy_difference,average_exec_time
54469.45199999988,54183.38799999906,-286.06400000082067,0.7862834285714287
