idle_energy_total,active_energy_total,total_energy_difference,average_exec_time
20780.81159162624,20804.520645361976,23.709053735736234,0.9603215714285714
