idle_energy_total,active_energy_total,total_energy_difference,average_exec_time
53999.36000000064,54263.89599999839,264.5359999977518,0.9389195714285714
