idle_energy_total,active_energy_total,total_energy_difference,average_exec_time
55018.040000001885,58777.71748539858,3759.6774853966926,5.339441857142857
