idle_energy_total,active_energy_total,total_energy_difference,average_exec_time
20046.732989811662,21491.99235319095,1445.2593633792894,8.774503714285716
