idle_energy_total,active_energy_total,total_energy_difference,average_exec_time
20450.837703605677,21725.72522555608,1274.8875219504043,7.4816021428571435
