idle_energy_total,active_energy_total,total_energy_difference,average_exec_time
53935.99599999958,57680.23347499975,3744.2374750001763,5.240886142857143
