idle_energy_total,active_energy_total,total_energy_difference,average_exec_time
54868.511999999355,56623.97261609938,1755.4606161000265,6.595191142857144
