idle_energy_total,active_energy_total,total_energy_difference,average_exec_time
54875.98000000049,59649.22809120013,4773.248091199639,5.237712428571428
