idle_energy_total,active_energy_total,total_energy_difference,average_exec_time
21224.267125951425,22179.55230845165,955.2851825002253,6.313942857142858
