idle_energy_total,active_energy_total,total_energy_difference,average_exec_time
53768.23199999749,53843.867999999755,75.63600000226143,0.9350925714285714
