idle_energy_total,active_energy_total,total_energy_difference,average_exec_time
54136.96800000122,58016.68342540078,3879.715425399554,5.477854714285714
