idle_energy_total,active_energy_total,total_energy_difference,average_exec_time
19801.61973351868,20790.107128094485,988.4873945758045,6.318607571428572
