idle_energy_total,active_energy_total,total_energy_difference,average_exec_time
54832.49200000077,54608.45599999841,-224.03600000235747,0.9390957142857144
