idle_energy_total,active_energy_total,total_energy_difference,average_exec_time
48626.756834000174,48964.28535550023,337.5285215000549,6.657597142857143
