idle_energy_total,active_energy_total,total_energy_difference,average_exec_time
55033.0520000004,56640.40127059929,1607.3492705988829,6.225781285714286
