idle_energy_total,active_energy_total,total_energy_difference,average_exec_time
19797.70716312285,21270.079053356054,1472.3718902332039,8.009123428571428
