idle_energy_total,active_energy_total,total_energy_difference,average_exec_time
54881.73600000029,54412.77999999907,-468.9560000012207,0.03317414285714285
