idle_energy_total,active_energy_total,total_energy_difference,average_exec_time
54608.67999999989,58854.88291500022,4246.202915000329,5.116618285714286
