idle_energy_total,active_energy_total,total_energy_difference,average_exec_time
21493.565607583165,22483.893624440552,990.3280168573874,9.348402000000002
