idle_energy_total,active_energy_total,total_energy_difference,average_exec_time
54268.003999999826,58300.636226900184,4032.6322269003576,5.141313714285714
