idle_energy_total,active_energy_total,total_energy_difference,average_exec_time
54074.52799999997,55565.90096245005,1491.3729624500775,6.506641999999999
