idle_energy_total,active_energy_total,total_energy_difference,average_exec_time
55146.124000001364,56243.93600000048,1097.8119999991177,0.03128514285714286
