idle_energy_total,active_energy_total,total_energy_difference,average_exec_time
20758.983398646873,21545.002244245192,786.0188455983189,7.117835285714286
