idle_energy_total,active_energy_total,total_energy_difference,average_exec_time
48367.94756845018,49348.84799999993,980.9004315497514,6.528711857142858
