idle_energy_total,active_energy_total,total_energy_difference,average_exec_time
53764.57999999925,54025.28800000124,260.70800000198506,0.02967257142857143
