idle_energy_total,active_energy_total,total_energy_difference,average_exec_time
54492.51199999981,56313.08473950007,1820.572739500254,6.489010714285714
