idle_energy_total,active_energy_total,total_energy_difference,average_exec_time
21278.157271909055,22121.897322827517,843.7400509184627,6.380935142857142
