idle_energy_total,active_energy_total,total_energy_difference,average_exec_time
54752.168000000005,58469.44057180028,3717.2725718002766,5.571911428571428
