idle_energy_total,active_energy_total,total_energy_difference,average_exec_time
55395.856000000014,57179.43628610071,1783.580286100696,6.189040285714285
