idle_energy_total,active_energy_total,total_energy_difference,average_exec_time
54320.16400000003,56538.68479230001,2218.520792299976,6.554152857142857
