idle_energy_total,active_energy_total,total_energy_difference,average_exec_time
20577.924366853164,21900.6016705512,1322.6773036980376,7.8260441428571434
