idle_energy_total,active_energy_total,total_energy_difference,average_exec_time
55051.907999999275,55626.412000002056,574.5040000027802,0.7714131428571429
