idle_energy_total,active_energy_total,total_energy_difference,average_exec_time
53774.48799999956,55724.873209049925,1950.3852090503642,6.525898428571429
