idle_energy_total,active_energy_total,total_energy_difference,average_exec_time
20528.600382239107,21842.039404363604,1313.4390221244976,8.39730657142857
