idle_energy_total,active_energy_total,total_energy_difference,average_exec_time
18593.70838323902,20048.241795039037,1454.5334118000173,8.156552285714286
