idle_energy_total,active_energy_total,total_energy_difference,average_exec_time
53879.0599999986,56477.58800000078,2598.528000002181,6.323132714285713
