idle_energy_total,active_energy_total,total_energy_difference,average_exec_time
21653.23777459228,21639.466286236388,-13.771488355891051,1.0873218571428573
