idle_energy_total,active_energy_total,total_energy_difference,average_exec_time
55303.40799999875,54963.692000002615,-339.7159999961368,0.03177114285714285
