idle_energy_total,active_energy_total,total_energy_difference,average_exec_time
54213.69599999957,54363.37199999934,149.67599999977392,0.030098857142857146
