idle_energy_total,active_energy_total,total_energy_difference,average_exec_time
53662.10399999989,54193.87918126652,531.775181266632,0.9409789999999999
