idle_energy_total,active_energy_total,total_energy_difference,average_exec_time
54780.56800000031,58265.27566949846,3484.7076694981442,6.9296361428571425
