idle_energy_total,active_energy_total,total_energy_difference,average_exec_time
21627.15720698699,22710.628340314895,1083.4711333279047,12.572758714285714
