idle_energy_total,active_energy_total,total_energy_difference,average_exec_time
56299.04826249998,56729.05819940003,430.0099369000527,10.121953428571429
