idle_energy_total,active_energy_total,total_energy_difference,average_exec_time
55391.66800000034,59343.23086530009,3951.5628652997475,5.215826714285714
