idle_energy_total,active_energy_total,total_energy_difference,average_exec_time
54417.54000000004,56227.34354630017,1809.803546300136,6.300255999999999
