idle_energy_total,active_energy_total,total_energy_difference,average_exec_time
53503.415999999386,58569.420840299135,5066.004840299749,5.360606571428572
