idle_energy_total,active_energy_total,total_energy_difference,average_exec_time
20829.98977732324,21513.089103970302,683.0993266470614,8.735449285714285
