idle_energy_total,active_energy_total,total_energy_difference,average_exec_time
20876.22783234821,21763.85460602693,887.6267736787195,6.366043428571429
