idle_energy_total,active_energy_total,total_energy_difference,average_exec_time
54241.451999997436,54564.23199999914,322.7800000017014,0.03276371428571428
