idle_energy_total,active_energy_total,total_energy_difference,average_exec_time
20669.316295349858,20707.180319125244,37.86402377538616,0.033496285714285715
