idle_energy_total,active_energy_total,total_energy_difference,average_exec_time
20446.23929915779,20418.94022116797,-27.299077989820944,0.03945442857142857
