idle_energy_total,active_energy_total,total_energy_difference,average_exec_time
20506.739557985442,21746.882804093857,1240.143246108415,7.669027857142856
