idle_energy_total,active_energy_total,total_energy_difference,average_exec_time
54560.599999999824,57188.327316899624,2627.7273168998,6.3299964285714285
