idle_energy_total,active_energy_total,total_energy_difference,average_exec_time
55765.89599999831,59002.21026560139,3236.314265603076,5.269546714285714
