idle_energy_total,active_energy_total,total_energy_difference,average_exec_time
54538.74399999961,54638.95599999898,100.21199999936653,0.03450885714285714
