idle_energy_total,active_energy_total,total_energy_difference,average_exec_time
19377.732120300494,20457.89772741531,1080.1656071148172,6.3012121428571435
