idle_energy_total,active_energy_total,total_energy_difference,average_exec_time
54095.983999999604,56978.090332799235,2882.1063327996308,6.502281285714285
