idle_energy_total,active_energy_total,total_energy_difference,average_exec_time
18443.037469020874,20040.356495983204,1597.31902696233,7.596797000000001
