idle_energy_total,active_energy_total,total_energy_difference,average_exec_time
19961.136358325773,21126.473058088264,1165.3366997624908,7.282461285714285
