idle_energy_total,active_energy_total,total_energy_difference,average_exec_time
54808.3439999998,58887.97210230022,4079.6281023004194,5.32143457142857
