idle_energy_total,active_energy_total,total_energy_difference,average_exec_time
54424.651999999995,58415.98973639998,3991.3377363999825,5.160861571428571
