idle_energy_total,active_energy_total,total_energy_difference,average_exec_time
52813.9519999999,58019.755790000156,5205.803790000253,5.228618285714285
