idle_energy_total,active_energy_total,total_energy_difference,average_exec_time
20907.22551322263,22035.464889594834,1128.239376372203,8.066934714285715
