idle_energy_total,active_energy_total,total_energy_difference,average_exec_time
55707.40800000162,58782.104506199845,3074.6965061982264,5.280053428571429
