idle_energy_total,active_energy_total,total_energy_difference,average_exec_time
55494.99199999801,59375.547817699415,3880.5558177014027,5.447797571428571
