idle_energy_total,active_energy_total,total_energy_difference,average_exec_time
20843.382779426443,20723.870795692965,-119.5119837334787,0.033771857142857145
