idle_energy_total,active_energy_total,total_energy_difference,average_exec_time
20504.541085259385,20535.0728373799,30.531752120514284,0.038116285714285714
