idle_energy_total,active_energy_total,total_energy_difference,average_exec_time
21573.420000000006,22716.541218040576,1143.121218040571,7.9858191428571415
