idle_energy_total,active_energy_total,total_energy_difference,average_exec_time
55433.94400000004,59261.268418,3827.32441799996,5.182681142857143
