idle_energy_total,active_energy_total,total_energy_difference,average_exec_time
48618.58607200012,48853.618188799686,235.0321167995644,6.683703428571428
