idle_energy_total,active_energy_total,total_energy_difference,average_exec_time
55405.843999997676,55783.43199999985,377.5880000021716,0.17456614285714284
