idle_energy_total,active_energy_total,total_energy_difference,average_exec_time
46892.7384107501,49260.57431704972,2367.835906299624,6.703465142857143
