idle_energy_total,active_energy_total,total_energy_difference,average_exec_time
54801.30800000238,55581.687999999274,780.3799999968978,0.1777834285714286
