idle_energy_total,active_energy_total,total_energy_difference,average_exec_time
53376.63199999995,53513.100000000064,136.46800000011717,0.9302092857142856
