idle_energy_total,active_energy_total,total_energy_difference,average_exec_time
21310.217851429745,21367.593665536977,57.375814107232145,0.46834942857142864
