idle_energy_total,active_energy_total,total_energy_difference,average_exec_time
19099.606681289933,20662.731181405998,1563.1245001160642,9.812777714285716
