idle_energy_total,active_energy_total,total_energy_difference,average_exec_time
55191.10400000385,56100.93999999993,909.8359999960812,6.363715714285713
