idle_energy_total,active_energy_total,total_energy_difference,average_exec_time
19857.919284690623,20616.69346885746,758.7741841668358,6.294546142857143
