idle_energy_total,active_energy_total,total_energy_difference,average_exec_time
55152.39200000061,56432.75773750016,1280.3657374995455,6.300315857142857
