idle_energy_total,active_energy_total,total_energy_difference,average_exec_time
54594.61199999985,57708.85098360123,3114.2389836013826,5.214422142857143
