idle_energy_total,active_energy_total,total_energy_difference,average_exec_time
54326.227999999515,58808.966228100544,4482.738228101029,5.413303285714286
