idle_energy_total,active_energy_total,total_energy_difference,average_exec_time
20078.558507759506,21025.617435736516,947.0589279770102,7.759096142857143
