idle_energy_total,active_energy_total,total_energy_difference,average_exec_time
54864.384000000005,56980.25995759995,2115.875957599943,6.180946857142857
