idle_energy_total,active_energy_total,total_energy_difference,average_exec_time
54186.656000000105,56929.09274860021,2742.4367486001065,6.187447571428571
