idle_energy_total,active_energy_total,total_energy_difference,average_exec_time
20218.654606871525,21375.5048672086,1156.8502603370762,9.440807285714284
