idle_energy_total,active_energy_total,total_energy_difference,average_exec_time
55389.69999999999,59718.91851500004,4329.218515000051,5.356953571428572
