idle_energy_total,active_energy_total,total_energy_difference,average_exec_time
54188.39200000014,56498.25209919998,2309.860099199839,6.598611142857142
