idle_energy_total,active_energy_total,total_energy_difference,average_exec_time
54081.39999999983,56777.9758543997,2696.5758543998745,6.161862714285715
