idle_energy_total,active_energy_total,total_energy_difference,average_exec_time
54469.81200000025,58845.4802089998,4375.668208999545,5.132392142857143
