idle_energy_total,active_energy_total,total_energy_difference,average_exec_time
20427.763900617527,21518.03424982125,1090.2703492037217,10.994091142857144
