idle_energy_total,active_energy_total,total_energy_difference,average_exec_time
21171.7009644875,21960.456020267407,788.7550557799077,8.178546857142857
