idle_energy_total,active_energy_total,total_energy_difference,average_exec_time
21537.54122405454,21529.722211006927,-7.819013047614135,1.0205244285714286
