idle_energy_total,active_energy_total,total_energy_difference,average_exec_time
21375.193012867767,21442.782759425267,67.5897465574999,1.1881620000000002
