idle_energy_total,active_energy_total,total_energy_difference,average_exec_time
21649.263633694885,22609.955565914053,960.6919322191679,10.987002285714285
