idle_energy_total,active_energy_total,total_energy_difference,average_exec_time
54065.85200000403,54823.351999996696,757.4999999926658,0.9508948571428572
