idle_energy_total,active_energy_total,total_energy_difference,average_exec_time
21185.86959420419,22092.45241508022,906.5828208760322,6.6641768571428575
