idle_energy_total,active_energy_total,total_energy_difference,average_exec_time
55025.400000000685,56651.14793170063,1625.7479316999452,6.271922142857143
