idle_energy_total,active_energy_total,total_energy_difference,average_exec_time
20257.681783412532,20994.562621800855,736.8808383883224,7.179047285714285
