idle_energy_total,active_energy_total,total_energy_difference,average_exec_time
20352.995997799655,21191.322967851647,838.3269700519922,6.297071000000001
