idle_energy_total,active_energy_total,total_energy_difference,average_exec_time
21499.41552957901,22265.280876868477,765.8653472894657,6.363581714285714
