idle_energy_total,active_energy_total,total_energy_difference,average_exec_time
53810.36000000088,53898.931999999666,88.57199999878503,1.0709697142857142
