idle_energy_total,active_energy_total,total_energy_difference,average_exec_time
53923.92800000004,56571.845514200424,2647.9175142003805,6.242993142857142
