idle_energy_total,active_energy_total,total_energy_difference,average_exec_time
17892.191864995806,19402.78949647824,1510.597631482433,6.402808571428571
