idle_energy_total,active_energy_total,total_energy_difference,average_exec_time
53676.09599999922,58591.44422139899,4915.34822139977,5.249514857142857
