idle_energy_total,active_energy_total,total_energy_difference,average_exec_time
21334.316191830676,22121.946876611626,787.6306847809501,11.479388285714284
