idle_energy_total,active_energy_total,total_energy_difference,average_exec_time
54938.94000000059,54279.300000000374,-659.6400000002177,0.030043142857142855
