idle_energy_total,active_energy_total,total_energy_difference,average_exec_time
20587.72300991176,20563.797459915764,-23.925549995994515,1.1012692857142856
