idle_energy_total,active_energy_total,total_energy_difference,average_exec_time
21673.530451015078,22599.261308710316,925.7308576952382,13.364826714285714
