idle_energy_total,active_energy_total,total_energy_difference,average_exec_time
18910.68672460207,20277.123686764975,1366.4369621629048,8.45731642857143
