idle_energy_total,active_energy_total,total_energy_difference,average_exec_time
20425.859815991826,20541.505194733283,115.64537874145753,0.033674571428571436
