idle_energy_total,active_energy_total,total_energy_difference,average_exec_time
54584.57599999755,55206.09200000187,621.5160000043179,0.033269285714285717
