idle_energy_total,active_energy_total,total_energy_difference,average_exec_time
19704.9154528535,20993.392226200853,1288.4767733473527,7.645919142857143
