idle_energy_total,active_energy_total,total_energy_difference,average_exec_time
20199.0457353658,21248.472809045248,1049.4270736794497,6.558565285714286
