idle_energy_total,active_energy_total,total_energy_difference,average_exec_time
21334.699156638562,22439.18669425096,1104.4875376123964,8.871595000000001
