idle_energy_total,active_energy_total,total_energy_difference,average_exec_time
54705.90400000002,58626.25265480003,3920.3486548000146,5.084936428571429
