idle_energy_total,active_energy_total,total_energy_difference,average_exec_time
19822.05698030989,21370.846335095073,1548.7893547851818,7.664419857142858
