idle_energy_total,active_energy_total,total_energy_difference,average_exec_time
55120.36399999949,56591.13600000022,1470.7720000007248,6.214564571428572
