idle_energy_total,active_energy_total,total_energy_difference,average_exec_time
53879.31600000127,53440.47600000313,-438.83999999814114,0.029542999999999996
