idle_energy_total,active_energy_total,total_energy_difference,average_exec_time
53412.48800000173,57108.72776535115,3696.239765349419,5.255426428571428
