idle_energy_total,active_energy_total,total_energy_difference,average_exec_time
53959.940000001894,54776.252000001354,816.3119999994597,0.03467842857142857
