idle_energy_total,active_energy_total,total_energy_difference,average_exec_time
19038.980791557435,20405.74374232808,1366.7629507706442,8.175200142857143
