idle_energy_total,active_energy_total,total_energy_difference,average_exec_time
53829.05200000002,55459.686222000004,1630.634221999986,6.475484714285714
