idle_energy_total,active_energy_total,total_energy_difference,average_exec_time
20296.857493057203,20214.923051280366,-81.93444177683705,0.6121867142857144
