idle_energy_total,active_energy_total,total_energy_difference,average_exec_time
55438.524000000754,55754.22799999973,315.70399999897927,0.9256511428571429
