idle_energy_total,active_energy_total,total_energy_difference,average_exec_time
53177.55999999765,53281.3320000006,103.77200000295124,0.030446857142857144
