idle_energy_total,active_energy_total,total_energy_difference,average_exec_time
19768.33686008266,21457.444801026584,1689.1079409439226,10.003904571428572
