idle_energy_total,active_energy_total,total_energy_difference,average_exec_time
55299.36799999991,58520.00973759993,3220.6417376000245,6.274776714285714
