idle_energy_total,active_energy_total,total_energy_difference,average_exec_time
54994.32399999991,57309.990304199644,2315.666304199731,6.215806000000001
