idle_energy_total,active_energy_total,total_energy_difference,average_exec_time
21370.17676025553,22162.87701087227,792.700250616741,7.785957285714285
