idle_energy_total,active_energy_total,total_energy_difference,average_exec_time
21827.751183412234,22676.323836614978,848.5726532027438,10.833542428571429
