idle_energy_total,active_energy_total,total_energy_difference,average_exec_time
54932.60799999999,57646.83405960005,2714.226059600056,6.670280428571429
