idle_energy_total,active_energy_total,total_energy_difference,average_exec_time
55079.45600000318,54567.860000001514,-511.5960000016639,0.9401462857142857
