idle_energy_total,active_energy_total,total_energy_difference,average_exec_time
20680.67914129486,20755.880988594163,75.20184729930406,0.9397525714285713
