idle_energy_total,active_energy_total,total_energy_difference,average_exec_time
21864.12267348187,22779.014009266557,914.8913357846868,9.894965428571428
