idle_energy_total,active_energy_total,total_energy_difference,average_exec_time
52740.280000000275,58262.452460000364,5522.172460000089,5.113856142857143
