idle_energy_total,active_energy_total,total_energy_difference,average_exec_time
54528.87199999758,54344.467999999244,-184.40399999833608,0.03745328571428571
