idle_energy_total,active_energy_total,total_energy_difference,average_exec_time
21031.6124229123,21699.993555197543,668.3811322852416,14.299467428571429
