idle_energy_total,active_energy_total,total_energy_difference,average_exec_time
20480.46329501965,20614.941431337673,134.47813631802273,1.0319408571428572
