idle_energy_total,active_energy_total,total_energy_difference,average_exec_time
20533.725993210875,20539.509100964136,5.7831077532609925,0.1809741428571429
