idle_energy_total,active_energy_total,total_energy_difference,average_exec_time
53976.06799999312,53710.30000000246,-265.76799999066134,0.029794857142857144
