idle_energy_total,active_energy_total,total_energy_difference,average_exec_time
20718.680830259673,20683.571269834305,-35.10956042536782,0.1814202857142857
