idle_energy_total,active_energy_total,total_energy_difference,average_exec_time
18474.821304127712,20122.10579784648,1647.2844937187692,7.819039714285714
