idle_energy_total,active_energy_total,total_energy_difference,average_exec_time
19646.9674981942,21193.41362908409,1546.44613088989,7.662392285714284
