idle_energy_total,active_energy_total,total_energy_difference,average_exec_time
54419.752000003005,55175.96800000042,756.2159999974174,0.03280842857142858
