idle_energy_total,active_energy_total,total_energy_difference,average_exec_time
21274.21160205701,21350.871422723314,76.65982066630386,0.18093914285714283
