idle_energy_total,active_energy_total,total_energy_difference,average_exec_time
21174.46506573665,21321.25561136033,146.79054562368037,0.18165585714285712
