idle_energy_total,active_energy_total,total_energy_difference,average_exec_time
21180.161340504263,22094.70348352657,914.5421430223068,6.342079142857143
