idle_energy_total,active_energy_total,total_energy_difference,average_exec_time
20487.35611956062,20502.207209209748,14.851089649127971,0.03222314285714286
