idle_energy_total,active_energy_total,total_energy_difference,average_exec_time
21294.08989706063,21340.091336377784,46.00143931715502,0.1779562857142857
