idle_energy_total,active_energy_total,total_energy_difference,average_exec_time
21507.07637769178,21504.940773959144,-2.1356037326368096,0.031180428571428574
