idle_energy_total,active_energy_total,total_energy_difference,average_exec_time
20741.205089171453,20669.043538596623,-72.16155057483047,0.31907557142857146
