idle_energy_total,active_energy_total,total_energy_difference,average_exec_time
20036.72686871893,21253.29596014724,1216.5690914283077,10.687922714285715
