idle_energy_total,active_energy_total,total_energy_difference,average_exec_time
47715.31494150045,49461.80847900016,1746.4935374997076,6.638775142857142
