idle_energy_total,active_energy_total,total_energy_difference,average_exec_time
53779.168000001155,58478.29858959844,4699.130589597284,5.270076142857143
