idle_energy_total,active_energy_total,total_energy_difference,average_exec_time
21136.65865170963,21311.685475887753,175.0268241781232,0.46934414285714293
