idle_energy_total,active_energy_total,total_energy_difference,average_exec_time
19665.947531584465,20789.344067602397,1123.3965360179318,10.834512714285713
