idle_energy_total,active_energy_total,total_energy_difference,average_exec_time
54420.97200000164,57846.203921051645,3425.2319210500063,5.216072571428571
