idle_energy_total,active_energy_total,total_energy_difference,average_exec_time
54504.864000000496,58371.82564650041,3866.9616464999126,5.305181428571429
