idle_energy_total,active_energy_total,total_energy_difference,average_exec_time
21633.999999999975,22622.38921329043,988.3892132904548,9.463206571428573
