idle_energy_total,active_energy_total,total_energy_difference,average_exec_time
21676.340844859715,21720.7013285772,44.360483717486204,0.03210214285714286
