idle_energy_total,active_energy_total,total_energy_difference,average_exec_time
54464.16800000058,54842.299999999865,378.13199999928474,0.03422257142857143
