idle_energy_total,active_energy_total,total_energy_difference,average_exec_time
54969.87200000272,58742.021670999566,3772.1496709968487,5.265998000000001
