idle_energy_total,active_energy_total,total_energy_difference,average_exec_time
53102.704000001555,52888.83600000363,-213.86799999792856,0.03211571428571428
