idle_energy_total,active_energy_total,total_energy_difference,average_exec_time
21597.28855284227,21614.833067288437,17.54451444616643,1.1148967142857145
