idle_energy_total,active_energy_total,total_energy_difference,average_exec_time
20414.569324992306,20378.435748967382,-36.13357602492397,0.32299328571428576
