idle_energy_total,active_energy_total,total_energy_difference,average_exec_time
19198.287552424317,20453.15660021065,1254.869047786331,8.510400714285714
