idle_energy_total,active_energy_total,total_energy_difference,average_exec_time
21524.676652295548,21565.190452908875,40.513800613327476,0.031237000000000004
