idle_energy_total,active_energy_total,total_energy_difference,average_exec_time
54525.320000000735,56875.3724761989,2350.052476198165,6.358702857142857
