idle_energy_total,active_energy_total,total_energy_difference,average_exec_time
21446.80997735444,22369.07130691026,922.2613295558185,6.442140142857143
