idle_energy_total,active_energy_total,total_energy_difference,average_exec_time
21072.983830059005,22131.13350741736,1058.149677358353,7.910840571428572
