idle_energy_total,active_energy_total,total_energy_difference,average_exec_time
54837.98800000062,58087.93863679951,3249.950636798887,5.199555571428571
