idle_energy_total,active_energy_total,total_energy_difference,average_exec_time
55044.46799999926,54854.44800000126,-190.0199999979959,0.9126982857142857
