idle_energy_total,active_energy_total,total_energy_difference,average_exec_time
21419.307969242913,21493.575604826743,74.26763558383027,0.03364728571428571
