idle_energy_total,active_energy_total,total_energy_difference,average_exec_time
53443.84800000003,58046.86990360007,4603.021903600042,4.988475142857142
