idle_energy_total,active_energy_total,total_energy_difference,average_exec_time
54108.7800000004,56659.35070720048,2550.5707072000805,6.526647142857142
