idle_energy_total,active_energy_total,total_energy_difference,average_exec_time
54417.375999999844,58625.10235619944,4207.726356199593,5.2907527142857145
