idle_energy_total,active_energy_total,total_energy_difference,average_exec_time
21497.02056735218,22386.644824659466,889.624257307285,6.820465142857143
