idle_energy_total,active_energy_total,total_energy_difference,average_exec_time
20529.21311100613,21676.882629023683,1147.669518017552,6.809639285714286
