idle_energy_total,active_energy_total,total_energy_difference,average_exec_time
55474.54399999704,55720.456000001126,245.9120000040857,0.030962142857142858
