idle_energy_total,active_energy_total,total_energy_difference,average_exec_time
54125.88399999976,53925.407999999356,-200.47600000040256,0.03705371428571429
