idle_energy_total,active_energy_total,total_energy_difference,average_exec_time
54723.12799999983,56603.78400000028,1880.6560000004538,6.216231857142858
