idle_energy_total,active_energy_total,total_energy_difference,average_exec_time
21503.10463792439,21483.58505243601,-19.519585488378652,0.3215984285714285
