idle_energy_total,active_energy_total,total_energy_difference,average_exec_time
55535.991999998274,56482.09913589984,946.1071359015696,6.194147142857142
