idle_energy_total,active_energy_total,total_energy_difference,average_exec_time
21310.49210482811,21472.420912272995,161.92880744488502,1.551067857142857
