idle_energy_total,active_energy_total,total_energy_difference,average_exec_time
20745.978043468513,20909.211256039944,163.23321257143107,0.9499424285714284
