idle_energy_total,active_energy_total,total_energy_difference,average_exec_time
21529.517650588252,21551.17382994797,21.6561793597175,0.03198371428571428
