idle_energy_total,active_energy_total,total_energy_difference,average_exec_time
54636.491999999336,55245.07599999984,608.5840000005046,0.02885414285714286
