idle_energy_total,active_energy_total,total_energy_difference,average_exec_time
21225.099006600005,21258.344815324657,33.245808724652306,0.04181985714285714
