idle_energy_total,active_energy_total,total_energy_difference,average_exec_time
47465.952000000216,46601.53353599974,-864.4184640004751,6.048021285714286
