idle_energy_total,active_energy_total,total_energy_difference,average_exec_time
21452.422006023207,21452.706473020622,0.28446699741471093,0.3272425714285715
