idle_energy_total,active_energy_total,total_energy_difference,average_exec_time
20453.265775525848,21362.539726209983,909.2739506841353,8.087288714285714
