idle_energy_total,active_energy_total,total_energy_difference,average_exec_time
53595.608000000146,54054.3760000003,458.76800000015646,0.030433285714285715
