idle_energy_total,active_energy_total,total_energy_difference,average_exec_time
53636.30800000086,53679.55200000008,43.24399999922025,0.02978514285714286
