idle_energy_total,active_energy_total,total_energy_difference,average_exec_time
19422.987928823695,20374.335071752663,951.3471429289675,7.353273714285714
