idle_energy_total,active_energy_total,total_energy_difference,average_exec_time
20212.705675141027,20265.50493958598,52.799264444951405,0.03619585714285715
