idle_energy_total,active_energy_total,total_energy_difference,average_exec_time
20671.68352585661,20839.90221787624,168.2186920196291,0.03280771428571429
