idle_energy_total,active_energy_total,total_energy_difference,average_exec_time
21483.480116003884,22329.332518473344,845.8524024694598,6.424545285714285
