idle_energy_total,active_energy_total,total_energy_difference,average_exec_time
55176.80399999925,57191.628964199685,2014.8249642004375,6.703773571428572
