idle_energy_total,active_energy_total,total_energy_difference,average_exec_time
21787.61814322764,22804.592103016163,1016.9739597885236,8.772262285714286
