idle_energy_total,active_energy_total,total_energy_difference,average_exec_time
20838.47015422897,21518.14456288891,679.6744086599392,6.354609285714285
