idle_energy_total,active_energy_total,total_energy_difference,average_exec_time
53718.876000001284,58161.83691900124,4442.960918999954,5.338488142857144
