idle_energy_total,active_energy_total,total_energy_difference,average_exec_time
20466.339403771155,20475.699447960575,9.360044189419568,21.92436714285714
