idle_energy_total,active_energy_total,total_energy_difference,average_exec_time
20027.655196906206,21422.889396122253,1395.2341992160473,7.736098571428572
