idle_energy_total,active_energy_total,total_energy_difference,average_exec_time
21625.82838706188,21584.1343105438,-41.69407651808069,0.17450857142857146
