idle_energy_total,active_energy_total,total_energy_difference,average_exec_time
54599.4479999993,54856.31999999976,256.8720000004614,0.03296171428571428
