idle_energy_total,active_energy_total,total_energy_difference,average_exec_time
54612.1120000007,56763.346266299224,2151.2342662985247,6.576102857142857
