idle_energy_total,active_energy_total,total_energy_difference,average_exec_time
54680.57599999992,56852.820000000516,2172.2440000005954,6.270602714285714
