idle_energy_total,active_energy_total,total_energy_difference,average_exec_time
20569.641049701466,21656.37686530553,1086.7358156040646,8.460791714285714
