idle_energy_total,active_energy_total,total_energy_difference,average_exec_time
53345.05670255682,58210.447457500006,4865.390754943182,5.204759428571429
