idle_energy_total,active_energy_total,total_energy_difference,average_exec_time
55292.49200000149,55501.74799999968,209.2559999981895,0.9575158571428571
