idle_energy_total,active_energy_total,total_energy_difference,average_exec_time
47838.87983400003,48520.83173430002,681.951900299995,6.874108571428572
