idle_energy_total,active_energy_total,total_energy_difference,average_exec_time
54789.087999999356,58138.23299759953,3349.144997600175,5.298475714285715
