idle_energy_total,active_energy_total,total_energy_difference,average_exec_time
53841.06800000037,59471.31680840129,5630.2488084009165,5.254518428571428
