idle_energy_total,active_energy_total,total_energy_difference,average_exec_time
20664.942441886094,20670.594693097308,5.652251211213297,1.020807142857143
