idle_energy_total,active_energy_total,total_energy_difference,average_exec_time
53967.23999999796,54743.89199999872,776.6520000007586,0.9449397142857142
