idle_energy_total,active_energy_total,total_energy_difference,average_exec_time
54714.93999999992,58073.20084079997,3358.260840800045,5.122203571428571
