idle_energy_total,active_energy_total,total_energy_difference,average_exec_time
20560.44184741526,21497.561537366837,937.119689951578,11.587936999999998
