idle_energy_total,active_energy_total,total_energy_difference,average_exec_time
20688.587492777428,21542.148786044152,853.5612932667245,6.383503428571428
