idle_energy_total,active_energy_total,total_energy_difference,average_exec_time
21637.850102783497,22870.818601033396,1232.9684982498984,8.187176714285714
