idle_energy_total,active_energy_total,total_energy_difference,average_exec_time
20449.199610216092,20532.493072235353,83.29346201926091,0.9315272857142858
