idle_energy_total,active_energy_total,total_energy_difference,average_exec_time
21096.55521850745,21985.026527787635,888.4713092801867,7.953639285714286
