idle_energy_total,active_energy_total,total_energy_difference,average_exec_time
21449.582986099504,21376.138050580063,-73.44493551944106,0.03036571428571428
