idle_energy_total,active_energy_total,total_energy_difference,average_exec_time
21552.832524083067,23026.59170203782,1473.759177954751,7.963577142857142
