idle_energy_total,active_energy_total,total_energy_difference,average_exec_time
19769.598478831125,21199.778358051128,1430.1798792200025,8.20600957142857
