idle_energy_total,active_energy_total,total_energy_difference,average_exec_time
54123.70000000024,58882.399210602314,4758.699210602077,5.289238142857143
