idle_energy_total,active_energy_total,total_energy_difference,average_exec_time
20690.6334796375,21602.817494152747,912.1840145152455,11.371411999999998
