idle_energy_total,active_energy_total,total_energy_difference,average_exec_time
54511.339999999684,54807.2239999986,295.8839999989141,2.3862337142857144
