idle_energy_total,active_energy_total,total_energy_difference,average_exec_time
20519.239927373845,20555.110730834378,35.87080346053335,0.03680757142857143
