idle_energy_total,active_energy_total,total_energy_difference,average_exec_time
17771.764676056762,18814.22177014067,1042.4570940839076,9.913987571428573
