idle_energy_total,active_energy_total,total_energy_difference,average_exec_time
54230.05199999986,56545.563821100084,2315.5118211002264,6.175950285714285
