idle_energy_total,active_energy_total,total_energy_difference,average_exec_time
21381.01026712318,21419.985999222554,38.975732099374,0.18135342857142858
