idle_energy_total,active_energy_total,total_energy_difference,average_exec_time
54101.87600000493,53929.608000002954,-172.26800000197545,1.019280142857143
