idle_energy_total,active_energy_total,total_energy_difference,average_exec_time
19628.0551337389,20546.555831955062,918.5006982161613,8.132482571428572
