idle_energy_total,active_energy_total,total_energy_difference,average_exec_time
54424.875999999706,53880.383999999256,-544.4920000004495,0.03544157142857143
