idle_energy_total,active_energy_total,total_energy_difference,average_exec_time
20304.458681315147,21422.34928877146,1117.8906074563129,7.4872701428571435
