idle_energy_total,active_energy_total,total_energy_difference,average_exec_time
54737.78400000074,56757.21199999882,2019.427999998079,6.227150142857143
