idle_energy_total,active_energy_total,total_energy_difference,average_exec_time
20561.258292126906,20435.344237522182,-125.91405460472379,0.035503
