idle_energy_total,active_energy_total,total_energy_difference,average_exec_time
54634.70399999961,55048.19600000149,413.49200000187557,0.1805332857142857
