idle_energy_total,active_energy_total,total_energy_difference,average_exec_time
55402.17999999963,54628.756000000445,-773.4239999991842,0.7986448571428569
