idle_energy_total,active_energy_total,total_energy_difference,average_exec_time
21718.43326370063,22938.370353908515,1219.9370902078845,8.122962428571428
