idle_energy_total,active_energy_total,total_energy_difference,average_exec_time
52875.17999999706,52810.59200000172,-64.58799999533949,0.030150571428571426
