idle_energy_total,active_energy_total,total_energy_difference,average_exec_time
19518.326504178578,20956.539258210847,1438.212754032269,7.884255428571429
