idle_energy_total,active_energy_total,total_energy_difference,average_exec_time
54210.63599999921,56035.12897120112,1824.4929712019075,6.752911571428571
