idle_energy_total,active_energy_total,total_energy_difference,average_exec_time
19530.487335125792,21075.52740168084,1545.0400665550478,7.6438377142857155
