idle_energy_total,active_energy_total,total_energy_difference,average_exec_time
53954.82799999939,57484.84889999896,3530.0208999995666,5.509235285714285
