idle_energy_total,active_energy_total,total_energy_difference,average_exec_time
55347.071999999396,56971.581225199494,1624.5092252000977,6.6046494285714274
