idle_energy_total,active_energy_total,total_energy_difference,average_exec_time
54822.91999999963,57468.37330639992,2645.45330640029,5.154993142857143
