idle_energy_total,active_energy_total,total_energy_difference,average_exec_time
54456.56000000063,59093.11617399929,4636.556173998659,5.2939557142857145
