idle_energy_total,active_energy_total,total_energy_difference,average_exec_time
20611.590576456925,20679.495088671556,67.90451221463081,0.4673905714285715
