idle_energy_total,active_energy_total,total_energy_difference,average_exec_time
53939.591999999866,58408.988977800094,4469.396977800228,5.219866142857143
