idle_energy_total,active_energy_total,total_energy_difference,average_exec_time
19612.30142819122,21091.157578986687,1478.8561507954691,7.725098571428572
