idle_energy_total,active_energy_total,total_energy_difference,average_exec_time
54446.09999999977,59432.308378799695,4986.208378799922,5.170653142857143
