idle_energy_total,active_energy_total,total_energy_difference,average_exec_time
21537.07969685736,22282.96341440254,745.8837175451808,7.315212142857143
