idle_energy_total,active_energy_total,total_energy_difference,average_exec_time
17685.77425147736,19173.205115385426,1487.4308639080664,6.393303285714286
