idle_energy_total,active_energy_total,total_energy_difference,average_exec_time
54361.363999999434,56744.906172199626,2383.542172200192,6.178527857142856
