idle_energy_total,active_energy_total,total_energy_difference,average_exec_time
17776.658073690924,18919.020987488362,1142.3629137974385,10.850468857142857
