idle_energy_total,active_energy_total,total_energy_difference,average_exec_time
54940.50799999845,56109.19002530196,1168.6820253035112,6.487326285714286
