idle_energy_total,active_energy_total,total_energy_difference,average_exec_time
54453.85999999918,56434.62175360072,1980.7617536015387,6.467511285714287
