idle_energy_total,active_energy_total,total_energy_difference,average_exec_time
21019.44219743103,21991.162367830817,971.7201703997853,6.846222428571429
