idle_energy_total,active_energy_total,total_energy_difference,average_exec_time
55544.91600000169,55726.25199999954,181.33599999784929,0.9449557142857143
