idle_energy_total,active_energy_total,total_energy_difference,average_exec_time
54037.78000000121,53960.16399999934,-77.61600000186445,0.03322257142857143
