idle_energy_total,active_energy_total,total_energy_difference,average_exec_time
53852.06400000143,53500.184000001085,-351.8800000003466,0.9190472857142857
