idle_energy_total,active_energy_total,total_energy_difference,average_exec_time
21290.94226410036,21420.19801100037,129.25574690001304,0.1808472857142857
