idle_energy_total,active_energy_total,total_energy_difference,average_exec_time
55451.676000000916,57180.289358200134,1728.613358199218,6.169799142857142
