idle_energy_total,active_energy_total,total_energy_difference,average_exec_time
21523.826307251267,22568.23170972368,1044.4054024724137,6.442419571428571
