idle_energy_total,active_energy_total,total_energy_difference,average_exec_time
48458.74000000019,48947.06801060923,488.32801060904603,6.621411714285713
