idle_energy_total,active_energy_total,total_energy_difference,average_exec_time
55183.952000002035,55678.236000000135,494.2839999981006,0.034295428571428574
