idle_energy_total,active_energy_total,total_energy_difference,average_exec_time
54235.95999999856,54690.140000001586,454.1800000030271,0.7602931428571427
