idle_energy_total,active_energy_total,total_energy_difference,average_exec_time
54136.968000001,54439.23599999945,302.2679999984539,0.18170914285714287
