idle_energy_total,active_energy_total,total_energy_difference,average_exec_time
54813.9680000003,58167.288522200084,3353.320522199785,5.224217857142857
