idle_energy_total,active_energy_total,total_energy_difference,average_exec_time
54491.4040000016,54276.08400000216,-215.31999999943946,0.17724185714285712
