idle_energy_total,active_energy_total,total_energy_difference,average_exec_time
21604.086655172046,21612.072268272885,7.985613100838236,0.03246614285714286
