idle_energy_total,active_energy_total,total_energy_difference,average_exec_time
54080.1839999999,56868.625846998744,2788.441846998845,4.464643000000001
