idle_energy_total,active_energy_total,total_energy_difference,average_exec_time
54684.575999999644,56836.320753199696,2151.7447532000515,6.165535428571429
