idle_energy_total,active_energy_total,total_energy_difference,average_exec_time
21602.788154897404,21623.433041468423,20.644886571019015,0.9418552857142857
