idle_energy_total,active_energy_total,total_energy_difference,average_exec_time
54055.22000000013,58065.85817500019,4010.6381750000583,5.201170857142857
