idle_energy_total,active_energy_total,total_energy_difference,average_exec_time
54105.24000000069,54254.59200000037,149.3519999996788,0.9060598571428571
