idle_energy_total,active_energy_total,total_energy_difference,average_exec_time
17437.69593537466,18844.2482784093,1406.5523430346402,6.399888857142857
