idle_energy_total,active_energy_total,total_energy_difference,average_exec_time
21627.86923863284,22742.00426974537,1114.135031112528,8.625417285714285
