idle_energy_total,active_energy_total,total_energy_difference,average_exec_time
46857.48800000017,49239.557569500066,2382.069569499894,6.568771142857142
