idle_energy_total,active_energy_total,total_energy_difference,average_exec_time
54152.64000000206,57952.19359259945,3799.553592597389,5.279784285714285
