idle_energy_total,active_energy_total,total_energy_difference,average_exec_time
53971.19599999872,58526.23558399695,4555.03958399823,5.558058714285714
