idle_energy_total,active_energy_total,total_energy_difference,average_exec_time
47439.0962587174,49512.70187620002,2073.6056174826226,6.710783714285713
