idle_energy_total,active_energy_total,total_energy_difference,average_exec_time
53125.53600000007,53735.616000001886,610.0800000018135,0.03033757142857143
