idle_energy_total,active_energy_total,total_energy_difference,average_exec_time
56495.151999999856,59547.954424999865,3052.802425000009,5.961469714285714
