idle_energy_total,active_energy_total,total_energy_difference,average_exec_time
54314.071999999804,56892.35105520016,2578.279055200357,6.6159991428571425
