idle_energy_total,active_energy_total,total_energy_difference,average_exec_time
54152.71199999997,57047.0531693003,2894.341169300329,6.20916242857143
