idle_energy_total,active_energy_total,total_energy_difference,average_exec_time
21439.539085504774,22373.54198404368,934.0028985389072,7.9353612857142855
