idle_energy_total,active_energy_total,total_energy_difference,average_exec_time
54919.45999999975,57248.232738499624,2328.7727384998725,6.318276285714286
