idle_energy_total,active_energy_total,total_energy_difference,average_exec_time
55290.99199999961,55433.8839999986,142.89199999898847,0.9215001428571429
