idle_energy_total,active_energy_total,total_energy_difference,average_exec_time
19775.31882345079,21241.82997513094,1466.511151680148,7.7759152857142855
