idle_energy_total,active_energy_total,total_energy_difference,average_exec_time
56236.65200000163,56102.82799999693,-133.8240000047008,0.030872714285714285
