idle_energy_total,active_energy_total,total_energy_difference,average_exec_time
53541.16799999834,58661.28364399999,5120.115644001649,5.171347428571429
