idle_energy_total,active_energy_total,total_energy_difference,average_exec_time
50561.697673149894,51106.0117564002,544.314083250305,6.700870285714286
