idle_energy_total,active_energy_total,total_energy_difference,average_exec_time
54704.59999999974,58310.942572197906,3606.3425721981694,6.681937285714286
