idle_energy_total,active_energy_total,total_energy_difference,average_exec_time
21106.71007600359,22010.07766925534,903.3675932517508,7.878930428571429
