idle_energy_total,active_energy_total,total_energy_difference,average_exec_time
54849.32399999979,57683.40471669948,2834.080716699689,6.621047857142856
