idle_energy_total,active_energy_total,total_energy_difference,average_exec_time
20062.688034412997,20872.649030936005,809.9609965230084,8.033869000000001
