idle_energy_total,active_energy_total,total_energy_difference,average_exec_time
20405.9296627597,20615.28974467435,209.36008191464862,1.1546224285714286
