idle_energy_total,active_energy_total,total_energy_difference,average_exec_time
53723.528000001264,56251.54695239967,2528.018952398408,6.618303428571429
