idle_energy_total,active_energy_total,total_energy_difference,average_exec_time
21267.257211431315,21400.887150539857,133.6299391085413,1.2951278571428573
