idle_energy_total,active_energy_total,total_energy_difference,average_exec_time
20030.782256989165,21303.29279312127,1272.5105361321039,8.195907571428572
