idle_energy_total,active_energy_total,total_energy_difference,average_exec_time
46534.428000000014,47163.58000000028,629.1520000002638,6.047912714285714
