idle_energy_total,active_energy_total,total_energy_difference,average_exec_time
20726.709187074965,21971.402863723833,1244.6936766488689,8.703485714285714
