idle_energy_total,active_energy_total,total_energy_difference,average_exec_time
53973.584000001036,57096.39609880049,3122.8120987994553,6.656200714285714
