idle_energy_total,active_energy_total,total_energy_difference,average_exec_time
20581.282723676508,20462.28156315374,-119.00116052276644,0.17989557142857146
