idle_energy_total,active_energy_total,total_energy_difference,average_exec_time
54409.5239999997,58292.70416219975,3883.1801622000494,5.280550571428571
