idle_energy_total,active_energy_total,total_energy_difference,average_exec_time
21139.971554291154,22053.165485715283,913.1939314241281,7.695877714285714
