idle_energy_total,active_energy_total,total_energy_difference,average_exec_time
54728.595999998506,54773.396000002664,44.80000000415748,0.03411057142857143
