idle_energy_total,active_energy_total,total_energy_difference,average_exec_time
54556.37999999906,54097.96400000026,-458.4159999987969,0.03136928571428571
