idle_energy_total,active_energy_total,total_energy_difference,average_exec_time
53741.112000000314,59126.32865180007,5385.216651799754,5.241635857142858
