idle_energy_total,active_energy_total,total_energy_difference,average_exec_time
21373.201920085725,21359.75598373258,-13.445936353145953,0.17872685714285713
