idle_energy_total,active_energy_total,total_energy_difference,average_exec_time
18398.072197707745,19747.97073133085,1349.8985336231053,11.383562571428573
