idle_energy_total,active_energy_total,total_energy_difference,average_exec_time
55184.34800000029,56482.9903400004,1298.6423400001077,6.201311857142857
