idle_energy_total,active_energy_total,total_energy_difference,average_exec_time
53749.47600000015,57998.924620799844,4249.448620799696,5.283193857142857
