idle_energy_total,active_energy_total,total_energy_difference,average_exec_time
55318.83199999982,58858.97829679995,3540.1462968001288,5.248643714285714
