idle_energy_total,active_energy_total,total_energy_difference,average_exec_time
20788.362918607698,21642.19844715323,853.8355285455327,16.911534857142858
