idle_energy_total,active_energy_total,total_energy_difference,average_exec_time
20700.318017667618,21748.579879312707,1048.261861645089,11.173215285714283
