idle_energy_total,active_energy_total,total_energy_difference,average_exec_time
21544.981130596072,21514.256166162726,-30.72496443334603,0.030884000000000005
