idle_energy_total,active_energy_total,total_energy_difference,average_exec_time
19658.53161852131,21215.542299791952,1557.0106812706435,8.425356428571428
