idle_energy_total,active_energy_total,total_energy_difference,average_exec_time
18262.40874695616,19079.32075083271,816.9120038765504,11.15789742857143
