idle_energy_total,active_energy_total,total_energy_difference,average_exec_time
20443.599755541967,20579.855406386127,136.2556508441594,15.466508000000001
