idle_energy_total,active_energy_total,total_energy_difference,average_exec_time
54713.39200000006,58643.19162020021,3929.7996202001523,5.398332000000001
