idle_energy_total,active_energy_total,total_energy_difference,average_exec_time
53577.14400000187,53605.80400000091,28.659999999043066,0.03573914285714286
