idle_energy_total,active_energy_total,total_energy_difference,average_exec_time
21733.79394639762,22839.707098093204,1105.9131516955822,12.181299285714285
