idle_energy_total,active_energy_total,total_energy_difference,average_exec_time
55219.987999999496,59250.113454500024,4030.1254545005286,5.264532714285715
