idle_energy_total,active_energy_total,total_energy_difference,average_exec_time
54086.52399999972,56327.27138200023,2240.7473820005107,6.217716571428572
