idle_energy_total,active_energy_total,total_energy_difference,average_exec_time
54964.88000000022,56346.05648600015,1381.176485999924,6.249672857142857
