idle_energy_total,active_energy_total,total_energy_difference,average_exec_time
53947.06400000027,56324.99384209891,2377.929842098645,6.577656285714285
