idle_energy_total,active_energy_total,total_energy_difference,average_exec_time
55768.85200000005,56518.89848940102,750.046489400971,6.712871714285714
