idle_energy_total,active_energy_total,total_energy_difference,average_exec_time
21544.958165272095,21639.462192344083,94.50402707198737,1.3976025714285714
