idle_energy_total,active_energy_total,total_energy_difference,average_exec_time
48824.654220400174,49315.3752692997,490.72104889952607,6.829648571428571
