idle_energy_total,active_energy_total,total_energy_difference,average_exec_time
54775.88800000091,55120.427999997264,344.5399999963556,0.035507142857142855
