idle_energy_total,active_energy_total,total_energy_difference,average_exec_time
54057.12799999971,58705.384267998204,4648.256267998491,5.266111571428572
