idle_energy_total,active_energy_total,total_energy_difference,average_exec_time
54796.71200000009,58748.85981649982,3952.1478164997316,5.300737142857143
