idle_energy_total,active_energy_total,total_energy_difference,average_exec_time
21522.220332447043,22164.274878750177,642.054546303134,6.350436571428571
