idle_energy_total,active_energy_total,total_energy_difference,average_exec_time
54793.9240000018,54994.05199999892,200.1279999971157,0.030925857142857144
