idle_energy_total,active_energy_total,total_energy_difference,average_exec_time
54250.35999999938,54486.44400000106,236.08400000167603,0.9107332857142858
