idle_energy_total,active_energy_total,total_energy_difference,average_exec_time
21796.66074047733,22903.793946397633,1107.1332059203014,7.989445142857143
