idle_energy_total,active_energy_total,total_energy_difference,average_exec_time
17897.25972452315,19280.481982811332,1383.2222582881805,8.48845757142857
