idle_energy_total,active_energy_total,total_energy_difference,average_exec_time
47124.19600000015,47583.65599999962,459.459999999468,6.046318571428572
