idle_energy_total,active_energy_total,total_energy_difference,average_exec_time
21975.73947535082,22735.196490200004,759.4570148491839,6.386661000000001
