idle_energy_total,active_energy_total,total_energy_difference,average_exec_time
53243.53200000008,53322.91199999744,79.37999999736348,0.029379714285714283
