idle_energy_total,active_energy_total,total_energy_difference,average_exec_time
20338.071914307362,21626.352060305013,1288.2801459976508,7.629693571428571
