idle_energy_total,active_energy_total,total_energy_difference,average_exec_time
52708.85599999999,54314.34399999997,1605.4879999999757,6.280479142857144
