idle_energy_total,active_energy_total,total_energy_difference,average_exec_time
20636.382465692663,21663.636072970217,1027.2536072775547,8.134811
