idle_energy_total,active_energy_total,total_energy_difference,average_exec_time
54811.88799999999,58917.23254179981,4105.3445417998155,5.151451857142857
