idle_energy_total,active_energy_total,total_energy_difference,average_exec_time
20339.35914148545,21137.114846670673,797.7557051852236,6.750583142857143
