idle_energy_total,active_energy_total,total_energy_difference,average_exec_time
54861.15200000011,56538.85794849979,1677.705948499679,6.192795428571428
