idle_energy_total,active_energy_total,total_energy_difference,average_exec_time
20519.815991822114,20614.36924273525,94.55325091313716,0.03631614285714286
