idle_energy_total,active_energy_total,total_energy_difference,average_exec_time
21795.31201090001,22545.95750859999,750.6454976999812,6.535840285714286
