idle_energy_total,active_energy_total,total_energy_difference,average_exec_time
21324.44322581834,21365.99448968817,41.55126386983102,1.3142454285714285
