idle_energy_total,active_energy_total,total_energy_difference,average_exec_time
21584.440148218946,22595.40212004712,1010.9619718281756,7.672471857142858
