idle_energy_total,active_energy_total,total_energy_difference,average_exec_time
56315.99626920001,56367.39200000003,51.39573080001719,6.052004285714285
