idle_energy_total,active_energy_total,total_energy_difference,average_exec_time
21087.88640812948,22018.113522957985,930.2271148285035,8.733970285714285
