idle_energy_total,active_energy_total,total_energy_difference,average_exec_time
19950.176158068014,20886.563242872806,936.3870848047918,6.848523142857142
