idle_energy_total,active_energy_total,total_energy_difference,average_exec_time
20533.712761819697,20678.975174477833,145.26241265813587,0.030817857142857143
