idle_energy_total,active_energy_total,total_energy_difference,average_exec_time
48937.429007899875,50694.31174280023,1756.882734900355,6.627198857142857
