idle_energy_total,active_energy_total,total_energy_difference,average_exec_time
54538.088000000265,58375.454787399976,3837.366787399711,5.187873428571429
