idle_energy_total,active_energy_total,total_energy_difference,average_exec_time
53042.144000001856,53111.000000001186,68.85599999933038,0.029796428571428567
