idle_energy_total,active_energy_total,total_energy_difference,average_exec_time
53113.25199999933,59167.253621399585,6054.0016214002535,5.345884857142857
