idle_energy_total,active_energy_total,total_energy_difference,average_exec_time
54805.44400000111,56120.824000000204,1315.3799999990952,6.244414999999999
