idle_energy_total,active_energy_total,total_energy_difference,average_exec_time
53177.03200000002,58526.109537399905,5349.077537399884,5.204883714285714
