idle_energy_total,active_energy_total,total_energy_difference,average_exec_time
45814.46800000004,46384.57199999982,570.1039999997811,6.050553571428571
