idle_energy_total,active_energy_total,total_energy_difference,average_exec_time
17985.697453148063,19405.182969181773,1419.4855160337102,6.362297
