idle_energy_total,active_energy_total,total_energy_difference,average_exec_time
54347.07999999906,58347.786123999795,4000.7061240007315,5.400689571428572
