idle_energy_total,active_energy_total,total_energy_difference,average_exec_time
53783.083999999595,54506.176,723.0920000004044,0.7694029999999998
