idle_energy_total,active_energy_total,total_energy_difference,average_exec_time
21755.266351090082,22901.80185786035,1146.5355067702694,8.675812857142857
