idle_energy_total,active_energy_total,total_energy_difference,average_exec_time
21208.910618249647,22010.124265945193,801.2136476955457,6.736569428571428
