idle_energy_total,active_energy_total,total_energy_difference,average_exec_time
55223.34000000113,55470.18800000023,246.84799999909592,0.7720370000000001
