idle_energy_total,active_energy_total,total_energy_difference,average_exec_time
53801.308000001,59190.06375920141,5388.755759200409,5.683410285714286
