idle_energy_total,active_energy_total,total_energy_difference,average_exec_time
54211.59599999959,56283.28218330002,2071.6861833004295,6.1579364285714275
