idle_energy_total,active_energy_total,total_energy_difference,average_exec_time
55418.86399999997,58744.26875539992,3325.404755399948,5.336195428571428
