idle_energy_total,active_energy_total,total_energy_difference,average_exec_time
55655.35600000001,56902.304000000004,1246.9479999999967,6.659099285714285
