idle_energy_total,active_energy_total,total_energy_difference,average_exec_time
17694.799195038224,19235.658864727244,1540.85966968902,7.468123999999999
