idle_energy_total,active_energy_total,total_energy_difference,average_exec_time
54753.01199999998,57492.66612340003,2739.654123400047,6.402489428571429
