idle_energy_total,active_energy_total,total_energy_difference,average_exec_time
20236.51408189934,20202.424724537454,-34.08935736188505,0.46776285714285715
