idle_energy_total,active_energy_total,total_energy_difference,average_exec_time
21002.677452331165,21933.22187669314,930.544424361975,7.353659857142857
