idle_energy_total,active_energy_total,total_energy_difference,average_exec_time
54155.307999998986,54307.05199999976,151.7440000007773,0.17682757142857142
