idle_energy_total,active_energy_total,total_energy_difference,average_exec_time
52872.04400000003,54891.26399999996,2019.2199999999284,6.261740285714285
