idle_energy_total,active_energy_total,total_energy_difference,average_exec_time
20219.692790958812,20200.413011533463,-19.27977942534926,0.18175728571428576
