idle_energy_total,active_energy_total,total_energy_difference,average_exec_time
55895.447999999844,58967.85530470059,3072.4073047007478,5.160227142857143
