idle_energy_total,active_energy_total,total_energy_difference,average_exec_time
21677.567447442172,22780.968487488408,1103.4010400462357,7.764047857142857
