idle_energy_total,active_energy_total,total_energy_difference,average_exec_time
54690.23600000005,57756.78100000004,3066.544999999991,6.515961285714286
