idle_energy_total,active_energy_total,total_energy_difference,average_exec_time
53983.64000000018,53833.73999999726,-149.9000000029191,0.930944142857143
