idle_energy_total,active_energy_total,total_energy_difference,average_exec_time
54222.48399999998,59226.48996249946,5004.005962499476,5.180473285714285
