idle_energy_total,active_energy_total,total_energy_difference,average_exec_time
54363.97200000016,56291.41586010054,1927.4438601003785,7.072105428571428
