idle_energy_total,active_energy_total,total_energy_difference,average_exec_time
20650.1736442107,21483.682322834757,833.5086786240572,6.2924177142857145
