idle_energy_total,active_energy_total,total_energy_difference,average_exec_time
21084.745099782253,21677.632491879365,592.8873920971128,6.378552857142856
