idle_energy_total,active_energy_total,total_energy_difference,average_exec_time
54823.19199999912,55478.32000000027,655.1280000011466,0.17598885714285714
