idle_energy_total,active_energy_total,total_energy_difference,average_exec_time
20637.60253347402,20710.600699338993,72.998165864974,0.03601228571428571
