idle_energy_total,active_energy_total,total_energy_difference,average_exec_time
19819.566545124137,21246.174100699147,1426.6075555750103,8.051582
