idle_energy_total,active_energy_total,total_energy_difference,average_exec_time
53977.36000000118,53590.15199999902,-387.2080000021597,0.033313857142857145
