idle_energy_total,active_energy_total,total_energy_difference,average_exec_time
21690.288012800575,22274.37397217647,584.0859593758942,6.786017000000001
