idle_energy_total,active_energy_total,total_energy_difference,average_exec_time
54510.5640000002,56679.3049364005,2168.740936400296,6.182220857142857
