idle_energy_total,active_energy_total,total_energy_difference,average_exec_time
21286.23004070214,21279.49615508356,-6.733885618577915,0.3227647142857143
