idle_energy_total,active_energy_total,total_energy_difference,average_exec_time
54316.23600000075,54720.828000000074,404.5919999993275,0.032973142857142854
