idle_energy_total,active_energy_total,total_energy_difference,average_exec_time
54804.1480000001,55047.39599999942,243.24799999931565,0.03038871428571429
