idle_energy_total,active_energy_total,total_energy_difference,average_exec_time
19765.672033323608,21362.280980759624,1596.608947436016,10.669449
