idle_energy_total,active_energy_total,total_energy_difference,average_exec_time
54110.24000000074,57750.32871690052,3640.0887168997797,5.171191428571428
