idle_energy_total,active_energy_total,total_energy_difference,average_exec_time
55802.108000000044,58898.590832000016,3096.4828319999724,5.236949428571428
