idle_energy_total,active_energy_total,total_energy_difference,average_exec_time
55327.459999999985,57224.630401700015,1897.1704017000302,6.326256428571429
