idle_energy_total,active_energy_total,total_energy_difference,average_exec_time
21396.374981499393,21480.690491816338,84.31551031694471,0.17536785714285713
