idle_energy_total,active_energy_total,total_energy_difference,average_exec_time
55167.907999999785,56516.196868800565,1348.2888688007806,6.205679285714287
