idle_energy_total,active_energy_total,total_energy_difference,average_exec_time
19074.00879372419,20446.882796164417,1372.874002440225,8.070995428571427
