idle_energy_total,active_energy_total,total_energy_difference,average_exec_time
20479.91047786474,20463.288849380377,-16.62162848436492,1.2938395714285715
