idle_energy_total,active_energy_total,total_energy_difference,average_exec_time
54579.37599999697,54603.75199999761,24.37600000063685,0.17686500000000002
