idle_energy_total,active_energy_total,total_energy_difference,average_exec_time
19597.823014356414,21246.321702780675,1648.4986884242608,9.583658428571429
