idle_energy_total,active_energy_total,total_energy_difference,average_exec_time
59730.928000001135,58571.46389450011,-1159.4641055010215,6.238748714285714
