idle_energy_total,active_energy_total,total_energy_difference,average_exec_time
21254.17462173752,22124.443303110093,870.2686813725741,7.533711428571429
