idle_energy_total,active_energy_total,total_energy_difference,average_exec_time
55553.22399999992,56019.879999998244,466.65599999832193,0.02892485714285714
