idle_energy_total,active_energy_total,total_energy_difference,average_exec_time
21416.717890596276,21413.60521841508,-3.1126721811961033,0.03444671428571428
