idle_energy_total,active_energy_total,total_energy_difference,average_exec_time
18656.692819534117,20062.372803954746,1405.679984420629,10.67743242857143
