idle_energy_total,active_energy_total,total_energy_difference,average_exec_time
21296.178496822035,22066.524734432747,770.3462376107127,7.7580801428571435
