idle_energy_total,active_energy_total,total_energy_difference,average_exec_time
54998.968000001,54652.01200000347,-346.9559999975245,0.03735171428571428
