idle_energy_total,active_energy_total,total_energy_difference,average_exec_time
19743.512861825548,21208.383421446764,1464.8705596212167,8.878203285714287
