idle_energy_total,active_energy_total,total_energy_difference,average_exec_time
55082.044000001464,55443.24799999773,361.20399999626534,0.03086457142857143
