idle_energy_total,active_energy_total,total_energy_difference,average_exec_time
21087.35766638877,21964.604497454155,877.2468310653858,9.155340999999998
