idle_energy_total,active_energy_total,total_energy_difference,average_exec_time
20512.383576865846,20511.72763233957,-0.6559445262755617,0.031595142857142856
