idle_energy_total,active_energy_total,total_energy_difference,average_exec_time
17652.87350231512,18919.490928622814,1266.6174263076937,6.603219571428572
