idle_energy_total,active_energy_total,total_energy_difference,average_exec_time
54479.2439999993,56184.56737279981,1705.323372800507,6.288082571428572
