idle_energy_total,active_energy_total,total_energy_difference,average_exec_time
20043.82783059383,21411.877741907243,1368.0499113134138,7.786351285714287
