idle_energy_total,active_energy_total,total_energy_difference,average_exec_time
20269.154064115344,20183.334569601957,-85.81949451338733,0.4663494285714285
