idle_energy_total,active_energy_total,total_energy_difference,average_exec_time
53559.25199999868,58577.35727659948,5018.1052766008,5.5761591428571435
