idle_energy_total,active_energy_total,total_energy_difference,average_exec_time
20536.34692860579,20517.586002933345,-18.76092567244632,0.035284857142857146
