idle_energy_total,active_energy_total,total_energy_difference,average_exec_time
54497.02800000017,55262.23999999785,765.2119999976785,0.03330314285714286
