idle_energy_total,active_energy_total,total_energy_difference,average_exec_time
55509.99999999835,55673.21600000186,163.21600000351464,0.029667999999999996
