idle_energy_total,active_energy_total,total_energy_difference,average_exec_time
55680.87199999943,55550.292000001136,-130.5799999982919,0.9390769999999999
