idle_energy_total,active_energy_total,total_energy_difference,average_exec_time
18905.518306572638,20213.810616183775,1308.2923096111372,8.472961714285715
