idle_energy_total,active_energy_total,total_energy_difference,average_exec_time
53376.755999998226,54085.89999999814,709.1439999999129,0.030103428571428576
