idle_energy_total,active_energy_total,total_energy_difference,average_exec_time
21299.365978865968,22026.723763722715,727.3577848567475,7.141132571428571
