idle_energy_total,active_energy_total,total_energy_difference,average_exec_time
54012.7200000009,58581.06758660018,4568.347586599273,5.528563142857143
