idle_energy_total,active_energy_total,total_energy_difference,average_exec_time
54481.91600000043,55661.603755998345,1179.6877559979184,6.272526999999999
