idle_energy_total,active_energy_total,total_energy_difference,average_exec_time
19975.8171651055,21474.715765664456,1498.898600558954,7.791660857142857
