idle_energy_total,active_energy_total,total_energy_difference,average_exec_time
20842.104149250117,21900.98456629419,1058.8804170440744,10.019576571428573
