idle_energy_total,active_energy_total,total_energy_difference,average_exec_time
54745.207999999955,59036.614714999996,4291.406715000041,5.192963857142857
