idle_energy_total,active_energy_total,total_energy_difference,average_exec_time
54740.36399999938,57299.519496500594,2559.155496501211,6.241644000000001
