idle_energy_total,active_energy_total,total_energy_difference,average_exec_time
55073.01199999728,55122.07200000167,49.06000000439235,0.03205542857142857
