idle_energy_total,active_energy_total,total_energy_difference,average_exec_time
20654.929215528726,20602.80229866183,-52.126916866895044,0.18070999999999998
