idle_energy_total,active_energy_total,total_energy_difference,average_exec_time
53712.532000001025,59455.607894598914,5743.075894597889,5.476870714285715
