idle_energy_total,active_energy_total,total_energy_difference,average_exec_time
55522.31599999907,55660.85199999809,138.53599999902508,0.9384728571428571
