idle_energy_total,active_energy_total,total_energy_difference,average_exec_time
20974.21832731826,21989.63985557656,1015.4215282582991,10.852772857142856
