idle_energy_total,active_energy_total,total_energy_difference,average_exec_time
21305.086653578936,21453.65960748691,148.572953907973,1.548625142857143
