idle_energy_total,active_energy_total,total_energy_difference,average_exec_time
20347.638424356726,21267.853204886535,920.2147805298082,7.690919714285714
