idle_energy_total,active_energy_total,total_energy_difference,average_exec_time
54679.800000001116,57054.83626899975,2375.036268998636,6.700023428571428
