idle_energy_total,active_energy_total,total_energy_difference,average_exec_time
55427.55200000148,55921.65199999857,494.09999999708816,0.033338571428571426
