idle_energy_total,active_energy_total,total_energy_difference,average_exec_time
54220.53999999958,59318.68366359979,5098.143663600211,5.239797285714286
