idle_energy_total,active_energy_total,total_energy_difference,average_exec_time
20327.676603839605,21187.20974108229,859.5331372426845,6.348249571428572
