idle_energy_total,active_energy_total,total_energy_difference,average_exec_time
54242.15600000068,56299.9253582011,2057.7693582004213,6.254580571428571
