idle_energy_total,active_energy_total,total_energy_difference,average_exec_time
54877.895999999855,57405.409236400126,2527.513236400271,6.374404857142857
