idle_energy_total,active_energy_total,total_energy_difference,average_exec_time
53602.16399999802,54000.41999999863,398.2560000006124,0.17716585714285718
