idle_energy_total,active_energy_total,total_energy_difference,average_exec_time
54859.8800000001,58173.245036500426,3313.365036500327,5.268605142857143
