idle_energy_total,active_energy_total,total_energy_difference,average_exec_time
21436.460031356797,21462.446704181588,25.98667282479073,1.6580171428571433
