idle_energy_total,active_energy_total,total_energy_difference,average_exec_time
21132.987243877174,21877.631676256045,744.644432378871,8.443140428571427
