idle_energy_total,active_energy_total,total_energy_difference,average_exec_time
53075.65600000022,56991.352051450085,3915.696051449864,8.789044857142857
