idle_energy_total,active_energy_total,total_energy_difference,average_exec_time
54676.52399999985,57207.74791779868,2531.2239177988304,6.6104575714285705
