idle_energy_total,active_energy_total,total_energy_difference,average_exec_time
17977.73829079008,19222.364759059765,1244.6264682696856,6.556150142857144
