idle_energy_total,active_energy_total,total_energy_difference,average_exec_time
54861.967999999724,58625.26355490207,3763.2955549023463,5.195456000000001
