idle_energy_total,active_energy_total,total_energy_difference,average_exec_time
20593.058435280876,20656.982088092776,63.923652811899956,0.17758114285714285
