idle_energy_total,active_energy_total,total_energy_difference,average_exec_time
20656.214053958196,21614.975648239437,958.7615942812408,7.755660999999999
