idle_energy_total,active_energy_total,total_energy_difference,average_exec_time
53163.61199999947,53525.59999999921,361.9879999997429,0.03343485714285714
