idle_energy_total,active_energy_total,total_energy_difference,average_exec_time
54936.004000000685,57710.231574000645,2774.2275739999604,6.3018847142857135
