idle_energy_total,active_energy_total,total_energy_difference,average_exec_time
20036.466152273602,20864.79638169643,828.330229422827,8.116800428571427
