idle_energy_total,active_energy_total,total_energy_difference,average_exec_time
53436.836000001975,53996.15599999946,559.3199999974822,0.036799285714285715
