idle_energy_total,active_energy_total,total_energy_difference,average_exec_time
21306.950231674407,21372.4706461845,65.52041451009427,0.921154714285714
